<?xml version="1.0"?>
<!DOCTYPE hibernate-mapping PUBLIC 
	"-//Hibernate/Hibernate Mapping DTD 3.0//EN"
	"http://www.hibernate.org/dtd/hibernate-mapping-3.0.dtd">

<!-- Generated 26-Oct-2023, 3:50:25 pm by Hibernate Tools 3.6.2.Final -->
<hibernate-mapping>

<class
    name="com.java.college.College"
    table="COLLEGE"
>

	<id 
        name="collegeId"
        type="int"
    >
    
<column name="COLLEGEID" />
	    <generator class="assigned" />
    </id>




    <property
        name="name"
	    type="java.lang.String"
    >
<column name="NAME" />
  </property>

    <property
        name="location"
	    type="java.lang.String"
    >
<column name="LOCATION" />
  </property>

    <property
        name="dean"
	    type="java.lang.String"
    >
<column name="DEAN" />
  </property>

    <property
        name="studentCount"
	    type="int"
    >
<column name="STUDENTCOUNT" />
  </property>


</class>

</hibernate-mapping>